DAY,DATE/TIME,LOCATION,INVOLVED/ESTABLISHMENT NAME/OWNER/s-OCCUPANT/S,CAUSE/ORIGIN of FIRE/NATURE OF CASE,LEVEL OF ALARM,KILLED,INJURED, FAI's ,STATUS of CASE/AMOUNT of DAMAGE/                              FAI-on-Case
F,02 Dec 2022 2204H,"Freedom Park Buendia cor. Ayala Ave. Ext. Brgy. San Antonio, Makati City",Non_Structural/Post Fire/Meralco,Electrical ignition caused by overloading,Fireout Upon Arrival,Negative,Negative," SFO4 Macababayao SFO1 Tuburan, FO3 Batalla","Php1,000.00"
F,02 Dec 2022 2142H,"1590 Iriga St., Brgy.San Antonio, Makati City",4 Storey Residential/Single Family Dwelling/Alteria Land Inc,Electrical Ignition caused by Arcing,Fireout Upon Arrival,Negative,Negative," SFO4 Macababayao SFO1 Tuburan, FO3 Batalla","Php1,000.00"
M,05 Dec 2022 1602H,"85 Alligator St., Brgy. Rizal, Makati City",Residential/Single Family Dwelling/                                                 No. of Affected Structrure: 1,Open flame from Cooking (firewood),1st Alarm,Negative,Negative,SFO1 Umnas/SFO1 Balleta,"Php5,000.00"
M,05 Dec 2022   1655H,"5895 Zobel Roxas cor. Arellano St., Brgy. Palanan, Makati City",Residential(informal settlers)/Single Family Dwelling/                                           No. of Affected Structrure: 1,Fire Under Investigation (on process)                                                 Cause: ,1st Alarm,Negative,Negative,SFO1 Umnas/SFO1 Balleta,"Php25,000.00"
W,07 Dec 2022 1152H,"0051 Daffodil St., Zone 1 Brgy Rizal, Makati City",Non_Structural/Post Fire/Meralco,electrical ignition caused by loosed connection,Fireout Upon Arrival,Negative,Negative,SFO1 Umnas/SFO1 Balleta,Php500.00
TH,08 Dec 2022  0445H,"B109 Lot 24 Ricarte St., Brgy Rizal, Makati City",Residential/Single Family Dwelling/,Unattended lighted candle,Fireout Upon Arrival,Negative,Negative,SFO1 Umnas/SFO1 Balleta,Php500.00
TH,08 Dec 2022   0736H,"6750 Ayala Office Tower, Ayala Ave, Brgy San Lorenzo, Makati City",Non_Residential/Mercantile/Starbucks Coffee/,Electrical ignition caused by loosed connection,Fireout Upon Arrival,Negative,Negative,SFO1 Umnas/SFO1 Balleta,"Php1,000.00"
SA,10 Dec 2022  1916H,"Blk 55 Lot 12 Mansanas St., Zone 1, Brgy. Rizal, Makati City",Non_Structural/Post Fire/Meralco,electrical ignition caused by loosed connection,Fireout Upon Arrival,Negative,Negative,SFO1 Umnas/SFO1 Balleta,Php500.00
SA,10 Dec 2022 2021H,"0005 Kalaw St., Zone 1, Brgy. Rizal, Makati City",Residential/Single Family Dwelling,electrical ignition caused by loosed connection,Fireout Upon Arrival,Negative,Negative," SFO4 Macababayao SFO1 Tuburan, FO3 Batalla",Php500.00
M,12 Dec 2022 1028H,"#130 Caimito St., Brgy. Cembo, Makati City",3 Storey Residential/Single Family Dwelling/                                                             No. of Affected Structrure: 1,Fire Under Investigation (on process)  ,1st Alarm,Negative,Negative," SFO4 Macababayao SFO1 Tuburan, FO3 Batalla","Php180,000.00"
M,12 Dec 2022  2003H,"Malvar St., cor. MH Del Pilar St., Brgy. Rizal, Makati City",3 Storey Residential/Single Family Dwelling/,Open flame from Unattended Cooking (Stove),Fireout Upon Arrival,Negative,Negative," SFO4 Macababayao SFO1 Tuburan, FO3 Batalla",Php500.00
M,12 Dec 2022  2203H,"#7409 Infanta St., Brgy. Olympia, Makati City",3 Storey Residential/Single Family Dwelling/,Open flame from unattended lighted candle,No Alarm,Negative,Negative," SFO4 Macababayao SFO1 Tuburan, FO3 Batalla",Php600.00
W,14 Dec 2022  1819H,"#1178 Pablo Ocampo St., Brgy. Sta. Cruz, Makati City",7 Storey Non_Residential/Business/,Ignition of materials caused by acetylene/hotworkks,Fireout Upon Arrival,Negative,Negative," SFO4 Macababayao SFO1 Tuburan, FO3 Batalla","Php1,000.00"
TH,15 Dec 2022  1249H,"J.P Rizal cor. Ilaya Sts., Brgy. Poblacion, Makati City",Transport/Automobile/Nissan Frontier/,Ignition of materials caused by acetylene/hotworkks,Fireout Upon Arrival,Negative,Negative," SFO4 Macababayao SFO1 Tuburan, FO3 Batalla","Php1,000.00"
TH,15 Dec 2022   1600H,"Juno Junk Shop Zobel Roxas, Brgy. La Paz, Makati City",Non_Structural/Rubbish Fire/,Smoking (lighted cigarette),No Alarm,Negative,Negative," SFO4 Macababayao SFO1 Tuburan, FO3 Batalla",Php0.00
SU,18 Dec 2022 2252H,"151-0 18th Ave., cor. Mapayapa St., Brgy. East Rembo, Makati City",Residential/Single Family Dwelling/,Open flame from Cooking(Stove),Fireout Upon Arrival,Negative,," SFO4 Macababayao SFO1 Tuburan, FO3 Batalla","Php1,000.00"
TU,20 Dec 2022 2245H,"2969 A Bonifacio St., Brgy. Poblacion, Makati City",Non_Structural/Post Fire/Meralco,Electrical ignition caused by loosed connection,No Alarm,Negative,Negative,SFO1 Pacubat/SFO1 Balleta,Php500.00
W,21 Dec 2022 0023H,"8439 Kalayaan Ave., Brgy. Poblacion, Makati City",Non_Residential/Mercantile/Toker Bar & Restaurant/Mr Harry Cui/With FSIC,Open flame from Cooking (Grilling Machine),Fireout Upon Arrival,Negative,Negative,SFO1 Pacubat/SFO1 Balleta,Php500.00
F,23 Dec 2022 1512H,"North EDSA (Bus Stop), Brgy. Magallanes, Makati City",Transport_Automobile Hyundai Accent PN,Electrical Ignition caused by Arcing,No Alarm,Negative,Negative,SFO1 Pacubat/SFO1 Balleta,"Php10,000.00"
SA,24 Dec 2022 1346H,"264 Blk. 8, T. Alonzo St., Brgy. West Rembo, Makati City",Residential_Single/ ,Open Flame from Cooking,No Alarm,Negative,Negative,SFO1 Pacubat/SFO1 Balleta,Php200.00
SA,24 Dec 2022 1833H,"#7166 M. Ocampo St., Brgy. Pio del Pilar, Makati City",Non_Structural/Post Fire/Meralco/Makati LGU,Electrical ignition caused by loosed connection,Fireout Upon Arrival,Negative,Negative,SFO1 Pacubat/SFO1 Balleta,Php500.00
M,26 Dec 2022 1405H,"166 Mayon St, Brgy Southside Palar, Makati City",Residential_Single/,Open Flame from Cooking (Firewood),Fireout Upon Arrival,Negative,," SFO4 Macababayao SFO1 Tuburan, FO3 Batalla","Php3,750.00"
W,28 Dec 2022 1229H,"Along Skyway Northbound, Magallanes, Makati City","Transport_Automobile Mitsubishi L300 Van, color white, ",Battery Short Circuit/Battery Explosion,Fireout Upon Arrival,Negative,Negative," SFO4 Macababayao SFO1 Tuburan, FO3 Batalla","Php300,000.00"
SA,31 Dec 2022 2311H,"M.H. Del Pilar St, Zone 2 ,Brgy. Rizal, Makati City ",Non_Structural/Post Fire/Meralco,Electrical Ignition caused by Arcing,No Alarm,Negative,Negative," SFO4 Macababayao SFO1 Tuburan, FO3 Batalla",Php200.00
TU,01 Nov 2022                                        1229H,"Blk 12 Lot 14 Pitimini St., Brgy. Pembo, Makati City ",Residential/Single Family Dwelling/,Unattended Lighted Candle,Fireout Upon Arrival,Negative,Negative," SFO4 Macababayao SFO1 Tuburan, FO3 Batalla","Php3,000.00"
TU,01 Nov 2022                                        1539H,"8/F  VICTORIA DE MAKATI Washington cor. Dela Rosa Sts., Brgy. Pio Del Pilar, Makati City",21 Storey Condominium/,Electrical ignition caused by overloading,Fireout Upon Arrival,Negative,Negative," SFO4 Macababayao SFO1 Tuburan, FO3 Batalla","Php3,000.00"
TU,01 Nov 2022                                        1912H,"#5015 Duran St., Brgy. Poblacion, Makati City ",2 Storey Non_Residential/Assembly,Electrical ignition caused by overloading,Fireout Upon Arrival,Negative,Negative," SFO4 Macababayao SFO1 Tuburan, FO3 Batalla","Php3,000.00"
TU,01 Nov 2022                                        2045H,"5411 Curie St., Brgy. Palanan, Makati City",Residential/Single and Two Family Dwelling,Electrical ignition caused by overloading,Fireout Upon Arrival,Negative,Negative," SFO4 Macababayao SFO1 Tuburan, FO3 Batalla","Php1,000.00"
TH,03 Nov 2022                                        1017H,"#7145-D Lanzones St., Brgy. Comembo, Makati City",Residential/Single and Two Family Dwelling/2 Storey,UNDER INVESTIGATION                               Cause: Electrical Ignition Caused by Arcing,1st Alarm,Negative,Negative," SFO4 Macababayao SFO1 Tuburan, FO3 Batalla","Php1,200,000.00"
TH,03 Nov 2022                                       1238H,"#4962 Enriques St., Brgy. Palanan, Makati City",Residential/Single and Two Family Dwelling/2 Storey/,UNDER INVESTIGATION                               Cause: Overheated laptop left unattended while charging,1st Alarm,Negative,Negative," SFO4 Macababayao SFO1 Tuburan, FO3 Batalla","Php3,000,000.00"
F,04 Nov 2022                                       1110H,"Mascardo cor. Evangelista Sts., Brgy. Bangkal, Makati City",Transport_Tricycle/ ,Overheated engine,Fire Out Upon Arrival,Negative,Negative," SFO4 Macababayao SFO1 Tuburan, FO3 Batalla","Php1,000.00"
SA,05 Nov 2022                                        2212H,"#8418 Mayapis St., Brgy. San Antonio, Makati City",Residential/Single and Two Family Dwelling/2 Storey,Electrical ignition caused by overloading,Fire Out Upon Arrival,Negative,Negative," SFO4 Macababayao SFO1 Tuburan, FO3 Batalla","Php1,000.00"
SU,06 Nov 2022                                       1109H,"Floraville cor. Pascua Sts., Brgy. Rizal, Makati City",Non_Residential/Mercantile,Open Flame from Cooking (Burner),Fire Out Upon Arrival,Negative,Negative," SFO4 Macababayao SFO1 Tuburan, FO3 Batalla","Php1,000.00"
SU,07 Nov 2022                                        0528H,"#1206 C. Francisco St Brgy. Kasilawan, Maktai City",Non_Structural/Post Fire/Meralco,Electrical Ignition caused by Arcing,Fire Out Upon Arrival,Negative,Negative," SFO4 Macababayao SFO1 Tuburan, FO3 Batalla","Php1,000.00"
F,11 Nov 2022                                        0702H,"No. 102 Blk 3 Hidalgo St., Brgy. West Rembo, Makati City",Residential/Single and Two Family Dwelling/2 Storey/,Electrical Ignition caused by loosed connection,No Alarm,Negative,Negative,SFO1 Balleta/SFO1 Umnas/SFO1 Pacubat,Php500.00
M,14 Nov 2022                                        0515H,"# 6587 Washington St., Brgy. Pio Del Pilar, Makati City",Residential/Single and Two Family Dwelling/3 Storey/,Open Flame from Unattended Lighted Candle,Fire Out Upon Arrival,Negative,"Rolando Cosio - 75 y/o, suffered 1st Degree Burn on both arms",SFO1 Balleta/SFO1 Umnas/SFO1 Pacubat,"Php45,000.00"
W,16 Nov 2022                                        0229H,"1147 Antipolo St, Brgy Valenzuela, Makati City",Non_Structural/Post Fire/Meralco,Electrical Ignition caused by Arcing,Fire Out Upon Arrival,Negative,Negative," SFO4 Macababayao SFO1 Tuburan, SFO1 Balleta ","Php1,000.00"
W,16 Nov 2022                                        1732H,"15H Tower 2 Paseo Parkview Suites, Valero St, Brgy. Bel-Air, Makati City",Residential_Condominium/15H Tower 2,Open Flame from Cooking ( stove)gas,Unreported/unresponded,Negative,Negative," SFO4 Macababayao SFO1 Tuburan, SFO1 Balleta ","Php5,000.00"
TH,17 Nov 2022                                        1032H,"9238 Pateros St., Brgy. Valenzuela, Makati City",Residential_Single and Two Family Dwelling/,Electrical ignition caused by overloading,1st Alarm,Negative,Negative," SFO4 Macababayao SFO1 Tuburan, SFO1 Balleta ","Php30,000.00"
TH,17 Nov 2022                                        1141H,"Burgos St., Brgy. Guadalupe Nuevo, Makati City",Non-Residential_Mercantile,Overheated Home Appliance,Fire Out Upon Arrival,Negative,Negative," SFO4 Dalmacio SFO1 Tuburan, SFO1 Balleta ","Php3,000.00"
TH,17 Nov 2022                                        1320H,"#6111 Albert St., Brgy. Poblacion, Makati City",Non-Residential_Mercantile/P,Overheated Home Appliance,Fire Out Upon Arrival,Negative,Negative," SFO4 Dalmacio SFO1 Tuburan, SFO1 Balleta ","Php3,000.00"
F,18 Nov 2022                                        2155H,"1221-C V Zamora St, Brgy Bangkal, Makati City",Residential_Single and Two Family Dwelling,Battery Short Circuit,Fire Out Upon Arrival,Negative,Negative," SFO4 Dalmacio SFO1 Tuburan, SFO1 Balleta ","Php48,000.00"
SU,20 Nov 2022                                        0154H,"#5514 D.M Rivera St., Brgy Poblacion Makati City",Residential_Single and Two Family Dwelling,Electrical Ignition caused by Arcing,Fire Out Upon Arrival,Negative,Negative," SFO4 Dalmacio SFO1 Tuburan, SFO1 Balleta ","Php1,000.00"
TU,22 Nov 2022                                        2015H,"Maximo P Provido 0005 A(B) Waling-Waling St., Zone 7, Brgy. Pembo, Makati City",Non_Structural/Post Fire/Meralco,Electrical ignition caused by Loosed connection,Fire Out Upon Arrival,Negative,Negative,"SFO4 Dalmacio, SFO1 Pacubat, SFO1 Umnas, SFO1 Balleta",Php500.00
F,25 Nov 2022                                        1126H,"482 Alagao St., Brgy. Comembo, Makati City",Residential_Single and Two Family Dwelling,Ignition of materials caused by welding slags,Fire Out Upon Arrival,Negative,Negative,"SFO4 Dalmacio, SFO1 Pacubat, SFO1 Umnas, SFO1 Balleta",Php500.00
F,25 Nov 2022                                        2106H,"Adela St., South sea Brgy., Rizal, Makati City",Non_Structural/Post Fire/Meralco,Electrical ignition caused by Loosed connection,Fire Out Upon Arrival,Negative,Negative,"SFO4 Dalmacio, SFO1 Pacubat, SFO1 Umnas, SFO1 Balleta",Php500.00
W,26 Nov 2022                                        1728H,"14 Guadalupe Bliss Bldg. 15, Brgy. Cembo, Makati City",Residential_Single and Two Family Dwelling,Electrical ignition caused by Loosed connection,Fire Out Upon Arrival,Negative,Negative,"SFO4 Dalmacio, SFO1 Pacubat, SFO1 Umnas, SFO1 Balleta",Php500.00
TH,27 Nov 2022                                        1142H,"Premiere The Samgyupsal Restaurant, Assembly Grounds, 2/F The Rise, Malugay St., Brgy. San Antonio, Makati City",Non-Residential_Assembly/,Open Flame from Cooking,Fire Out Upon Arrival,Negative,"1. Dharyl Hanna B Cerbo, 25 y/o, minor burns and difficulty of breathing                                                     2. Carl Dimaano, 24 y/o, minor burns and difficulty of breathing                                                                      3. Wendel Romines, 24 y/o, minor burns and difficulty of breathing","SFO4 Dalmacio, SFO1 Pacubat, SFO1 Umnas, SFO1 Balleta","Php5,000.00"
SU,02 Oct 2022                                        1920H,"Lot 7 Blk. 255, Zone 12, Emerald St., Brgy. Pembo, Makati City",Residential_Single Family Dwelling/,Electrical Ignition caused by loosed connection,,Negative,Negative,SFO4 Dalmacio                        SFO1 Pacubat                             SFO1 Umnas                                  SFO1 Balleta                ,"Php2,000.00"
TH,06 Oct 2022                                        2143H,"Dungo St, Brgy Palanan,Makati City",Residential/2 Storey Single and Two Family Dwelling/2 Storey,Electrical ignition caused by overloading,,Negative,Negative,"SFO4 Macababayao, SFO1 Tuburan, FO3 Batalla","PhP1,000.00"
TH,06 Oct 2022                                        2342H,"Lariosa st, Brgy West Rembo, Makati City",Non_Structural/Electrical Pole/Meralco,Electrical ignition caused by overloading,,Negative,Negative,"SFO4 Macababayao, SFO1 Tuburan, FO3 Batalla","Php1,000.00"
SA,08 Oct 2022                                        1439H,"Ansons 2304 Along Chino Roces Ave. Brgy. Magallanes, Makati City",Non_Structural/Electrical Pole/Meralco,Electrical ignition caused by overloading,,Negative,Negative,"SFO4 Macababayao, SFO1 Tuburan, FO3 Batalla","PhP1,000.00"
SA,08 Oct 2022                                        2206H,"Belarmino cor. Rodriquez Sts., Brgy. Bangkal, Makati City",Non_Structural/Electrical Pole/Meralco,Electrical ignition caused by overloading,,Negative,Negative,"SFO4 Macababayao, SFO1 Tuburan, FO3 Batalla","PhP1,000.00"
SU,09 Oct 2022                                       0804H,"G/F 3631 General Luna St, Bangkal, Makati",Non_Residential/Mercantile/Bubblyway Laundry Shop,Overheated Home Appliance,,Negative,Negative,"SFO4 Macababayao, SFO1 Tuburan, FO3 Batalla","PhP1,500.00"
TU,11 Oct 2022                                        1852H,"Honduras St., corner P. Binay Brgy. Pio del Pilar, Makati City",Non_Structural/Electrical Pole/Meralco,Electrical Ignition caused by loosed connection,,Negative,Negative,"SFO4 Dalmacio, SFO1 Pacubat, SFO1 Umnas, FO3 Batalla",Php500.00
TH,13 Oct 2022                                        0520H,"E. Bonifaciio St., Brgy. Poblacion, Makati City",Non_Structural/Electrical Pole/Meralco,Electrical Ignition caused by loosed connection,,Negative,Negative,"SFO4 Dalmacio, SFO1 Pacubat, SFO1 Umnas, FO3 Batalla",Php500.00
F,14 Oct 2022                                        1919H,"4050 Progreso St., Brgy Guadalupe Viejo, Makati City",Residential/Single Family Dwelling/,Electrical ignition caused by overloading,1st Alarm,Negative,Negative,"SFO4 Dalmacio, SFO1 Pacubat, SFO1 Umnas, FO3 Batalla","Php18,000.00"
W,19 Oct 2022                                       1640H,"Kalayaan Ave, Brgy. Guadalupe Nuevo, Makati City",Non_Structural/Rubbish,Other cause of fire incident,,Negative,Negative,"SFO4 Macababayao, SFO1 Tuburan, FO3 Batalla",Php0.00
TH,20 Oct 2022                                       1609H,"Pasong Tamo Cor. JP Rizal Sts., Brgy. Tejeros Makati City",Non_Structural/Electrical Pole/Meralco,Electrical ignition caused by overloading,,Negative,Negative,"SFO4 Macababayao, SFO1 Tuburan, FO3 Batalla","Php1,000.00"
F,21 Oct 2022                                        2312H,"Daffodil Extesion Brgy. Rizal, Makati City",Non_Structural/Electrical Pole/Meralco,Electrical ignition caused by overloading,,Negative,Negative,"SFO4 Macababayao, SFO1 Tuburan, FO3 Batalla","Php1,000.00"
SA,22 Oct 2022                                        0710H,"Tylo cor. Dela Rosa Sts., Brgy. Pio Del Pilar, Makati City",Residential/Single Family Dwelling,Electrical Ignition caused by arcing,,Negative,Negative,"SFO4 Macababayao, SFO1 Tuburan, FO3 Batalla","Php1,000.00"
SA,22 Oct 2022                                        1759H,"#0052 A Flare Thrower St. Plar-Armor Village Brgy. Rizal, Makati City",Non_Residential/Mercantile/Dada's Lechon,Electrical ignition caused by overloading,,Negative,Negative,"SFO4 Macababayao, SFO1 Tuburan, FO3 Batalla","Php1,000.00"
SA,22 Oct 2022                                       2245H,"Kakarong cor. Montojo Sts., Brgy. Sta. Cruz, Makati City",Non_Structural/Electrical Pole/Meralco,Electrical ignition caused by overloading,,Negative,Negative,"SFO4 Macababayao, SFO1 Tuburan, FO3 Batalla",Php500.00
SU,23 Oct 2022                                       0705H,"#18 JP Rizal St., Brgy. Comembo, Makati City",Non_Residential/2 Storey Mercantile/,UNDER INVESTIGATION                                    Cause: Electrical Ignition Caused by Overloading,1st Alarm,Negative,Negative,"SFO4 Macababayao, SFO1 Tuburan, FO3 Batalla","Php540,000.00"
SU,23 Oct 2022                                       1137H,"#5136 Zamora St., Brgy. Poblacion, Makati City",Non_Residential/Mercantile/Candy's Food Delivery,UNDER INVESTIGATION                                    Cause: Open flame from high temperature flame torch which accicdentally lip up the LPG hose line,1st Alarm,Negative,Negative,"SFO4 Macababayao, SFO1 Tuburan, FO3 Batalla","Php1,605,000.00"
TU,25 Oct 2022                                     1635H,"#0081 MH Del Pilar, Brgy. Rizal, Makati City",Residential/Single Family Dwelling/,Electrical Ignition caused by loosed connection,,Negative,Negative,SFO4 Dalmacio                        SFO1 Pacubat                             SFO1 Umnas                                  SFO1 Balleta                ,Php500.00
TU,25 Oct 2022                                       2304H,"1634 Camino dela Fe St., Brgy. Guadalupe Nuevo, Makati City",Residential/Single Family Dwelling/,Open flame ffrom cooking/LPG/Gas Stove,,Negative,Negative,SFO4 Dalmacio                        SFO1 Pacubat                             SFO1 Umnas                                  SFO1 Balleta                ,Php300.00
F,28 Oct 2022                                       0932H,"Gentleman Restaurant, #48 Polaris  Center, Polaris St., Brgy. Poblacion, Makati City",Non_Residential/Assembly/,Open flame ffrom cooking/LPG/Gas Stove,,Negative,Negative,SFO4 Macababayao                       SFO1 Pacubat                             SFO1 Umnas                                  SFO1 Balleta                ,"Php80,000.00"
F,28 Oct 2022                                       2035H,"SLEX Skyway, Brgy. Magallanes, Makati City",Transport/Automobile/,Battery Short Circuit,,Negative,Negative,SFO4 Macababayao                       SFO1 Pacubat                             SFO1 Umnas                                  SFO1 Balleta                ,"Php20,000.00"
SA,29 Oct 2022                                      1800H,"5538 Boyle St.,Brgy. Palanan",Non_Structural/Electrical Pole/Meralco,Electrical Ignition caused by loosed connection,,Negative,Negative,SFO4 Macababayao                       SFO1 Pacubat                             SFO1 Umnas                                  SFO1 Balleta                ,Php500.00
SA,29 Oct 2022                                      2005H,"7125 M Ocampo St., Brgy. Pio del Pilar, Makati City",Residential/Single Family Dwelling/,Electrical Ignition caused by loosed connection,,Negative,Negative,SFO4 Macababayao                       SFO1 Pacubat                             SFO1 Umnas                                  SFO1 Balleta                ,Php500.00
SA,29 Oct 2022                                       2142H,"Dalandan St., Brgy West Rembo, Makati City",Non_Structural/Electrical Pole/Meralco,Electrical Ignition caused by loosed connection,,Negative,Negative,SFO4 Macababayao                       SFO1 Pacubat                             SFO1 Umnas                                  SFO1 Balleta                ,Php500.00
TH,01 Sep 2022                                        2020H,"Osmena Highway cor. Arnaiz St., Brgy. Pio del Pilar, Makati City","Transport_Automobile/Toyota Vios,Black, ",Overheated Motor Engine,,Negative,Negative,SFO1 Pacubat/SFO1 Umnas/SFO1 Balleta/SFO1 Umnas,"Php10,000.00"
SA,1252H 03 Sep 2022,"Ivory St., Brgy. Rizal, Makati City",Structural/Residential/Single Family Dwelling,Electrical Ignition caused by loosed connection,storeys,Negative,Negative,SFO1 Pacubat/SFO1 Umnas/SFO1 Balleta/SFO1 Umnas,Php500.00
TU,06 Sep 2022                                        0622H,"EDSA Estrella (South Bound) Brgy. Guadalupe Nuevo, Makati City","Transport_Automobile/Pajero, Color Red with Plate No. ",Electrical Ignition caused by loosed connection,,Negative,Negative,SFO4 Macababayao / SFO1 Tuburan/FO3 Batalla,"Php5,000.00"
W,07 Sep 2022                                        1733H,"Martinez Unidos St., Brgy. Sta. Cruz, Makati City",Non_Structural/Electrical Pole/Meralco ,Electrical Ignition caused by arcing,,Negative,Negative,SFO4 Macababayao / SFO1 Tuburan/FO3 Batalla,"PhP1,000.00"
W,07 Sep 2022                                        1912H,"Davila Bliss, Brgy. Sta. Cruz, Makati City",Non_Structural/Electrical Pole/Meralco ,Electrical Ignition caused by arcing,,Negative,Negative,SFO4 Macababayao / SFO1 Tuburan/FO3 Batalla,"PhP1,000.00"
TH,08 Sep 2022                                        0735H,"401 Anahaw St., Brgy. Comembo, Makati City",Non_Residential/Mercantile/Riclyn's Bakery,Electrical Ignition caused by loosed connection,FSIC,Negative,Negative,SFO4 Macababayao / SFO1 Tuburan/FO3 Batalla,"PhP2,000.00"
TH,08 Sep 2022                                        1620H,"4672 Evangelista cor. Cuanco St., Brgy. Pio Del Pilar, Makati City",2-Storey Non_ResidentialStorage/                                           No. of Affected Structure:1,Fire Under Investigation                 Cause: Ignition of Materials Caused byAcetylene,,Negative,Negative,SFO4 Macababayao / SFO1 Tuburan/FO3 Batalla,"Php150,000.00"
F,09 Sep 2022                                        0335H,"Block 28 Lot 2 Zone 6 Tarhata cor. Sampaguita Sts., Brgy. Pembo, Makati City",Non_Residential/Mercantile/ ,Electrical Ignition caused by loosed connection,No. of Affected structure FSIC,Negative,Negative,SFO4 Macababayao / SFO1 Tuburan/FO3 Batalla,"Php45,000.00"
SA,10 Sep 2022                                        2217H,"89-B A. Bonifacio St., Brgy. Valenzuela, Makati City",Non_Structural/Electrical Pole/Meralco ,Electrical Ignition caused by arcing,,Negative,Negative,SFO4 Macababayao / SFO1 Tuburan/FO3 Batalla,"Php1,000.00"
TH,15 Sep 2022                                        0114H,"Gen. Luna St., cor. Makati Ave., Brgy. Poblacion, Makati City",Non_Structural/Electrical Pole/Meralco ,Electrical Ignition caused by arcing,,Negative,Negative,SFO4 Dalmacio/SFO1 Pacubat/SFO1 Umnas/SFO1 Balleta,Php500.00
TH,15 Sep 2022                                        0805H,"Pililia cor. Kalayaan St., Brgy. STA. Cruz, Makati City",Non_Structural/Electrical Pole/Meralco ,Electrical Ignition caused by arcing,,Negative,Negative,SFO4 Dalmacio/SFO1 Pacubat/SFO1 Umnas/SFO1 Balleta,Php500.00
SA,17 Sep 2022                                        1922H,"9214 Pateros St., Brgy. Valenzuela, Makati City",Residential/Single Family Dwelling/                    ,Overheated Home Appliances,storeys? ,Negative,Negative,SFO4 Dalmacio/SFO1 Pacubat/SFO1 Umnas/SFO1 Balleta,"Php2,000.00"
M,19 Sep 2022                                        0003H,"1070 Delpan St., Brgy. Kasilawan, Makati City",Structural/Residential/Single Family Dwelling                                       Suspect is At-Large ( For Regular Filing),                                                        Arson/Intentional Fire by used of Open Flame coming from a lighter or matchsticks,,Negative,Negative,SFO4 Dalmacio/SFO1 Pacubat/SFO1 Umnas/SFO1 Balleta,"Php1,000.00"
M,19 Sep 2022                                        1736H,"3307 Matanzas St.,Brgy. Palanan, Makati City",Structural/Residential/Single Family Dwelling,Electrical Ignition caused by loosed connection,,Negative,Negative,SFO4 Dalmacio/SFO1 Pacubat/SFO1 Umnas/SFO1 Balleta,"Php1,000.00"
TU,20 Sep 2022                                        1621H,"#2907-A South Ave., Brgy. Olympia, Makati City",4-Storey Residential/Single Family Dwelling/,Open Flame from Cooking (Burner),,Negative,Negative,SFO4 Macababayao/SFO1 Tuburan/FO3 Batalla,"Php1,000.00"
TH,22 Sep 2022                                        1037H,"#847 4th Floor Phase 1 Guadalupe Bliss Brgy. Cembo, Makati City",Structural/Residential/Apartment Building,Open Flame from Cooking (Burner),,Negative,Negative,SFO4 Macababayao/SFO1 Tuburan/FO3 Batalla,Php300.00
M,26 Sep 2022                                        0259H,"Unit 205 FCC Building Cailles St., Brgy. Bangkal, Makati City",Residential/Apartment Bldg,Open Flame from Cooking (Burner),,Negative,Negative,SFO4 Macababayao/SFO1 Tuburan/FO3 Batalla,"Php1,000.00"
W,28 Sep 2022                                        0904H,"St. Mary of the Woods School, 1273 Batangas cor. Faraday St., Brgy. San Isidro, Makati City",4-Storey Non_Residential/Educational/,Electrical Ignition caused by loosed connection,                                  1st Alarm,Negative,Negative,"SFO4 Dalmacio, SFO1 Pacubat, SFO1 Umnas, SFO1 Balleta","PHP 5,000.00"
F,30 Sep 2022                                             0633H,"026 Magnolia St., Zone 1, Brgy. Rizal, Makati City",Residential/Single Family Dwelling,Electrical Ignition caused by loosed connection,storeys? ,Negative,Negative,"SFO4 Dalmacio, SFO1 Pacubat, SFO1 Umnas, SFO1 Balleta",PHP 500.00
F,30 Sep 2022                                             0904H,"2758 Capinpin cor. P. Binay Sts., Brgy. Bangkal, Makati City",2-Storey Residential/Single Family Dwelling/,Ignition of materials caused by welding slags,,Negative,Negative,"SFO4 Dalmacio, SFO1 Pacubat, SFO1 Umnas, SFO1 Balleta",Php500.00
F,30 Sep 2022                                             1225H,"#5770 Ebro St., Brgy. Poblacion, Makati City",2-Storey Non_ResidentialMercantile/                                                          No. of Affected structure: 1,Fire Under Investigation                                  Cause: Electrical Ignition Caused by Sparks from a punctured or damaged insulation probably due to rat bites and some other forms of anaimal disturbance,                                   1st Alarm,Negative,Negative,"SFO4 Dalmacio, SFO1 Pacubat, SFO1 Umnas, SFO1 Balleta","Php400,000.00"
F,05 Aug 2022                                        1357H,"21st Ave, A. Mabini St., Brgy. West Rembo, Makati City",Non_Structural/Electrical Pole/Meralco ,Electrical Ignition caused by loosed connection,,Negative,Negative,SFO1 Pacubat/SFO1 Umnas/SFO1 Balleta,Php500.00
F,05 Aug 2022                                        1404H,"#2337 Nuestra Senora De Antipolo St., Brgy. Guadalupe Nuevo, Makati City",Non_Structural/Electrical Pole/Meralco ,Electrical Ignition caused by loosed connection,,Negative,Negative,SFO1 Pacubat/SFO1 Umnas/SFO1 Balleta,Php500.00
F,05 Aug 2022                                        2240H,"442 Kamagong St., Brgy. Comembo, Makati City",Non_Structural/Electrical Pole/Meralco ,Electrical Ignition caused by overloading,,Negative,Negative,SFO1 Pacubat/SFO1 Umnas/SFO1 Balleta,PhP500.00
F,05 Aug 2022                                        2353H,"3306 Matanzas St., Brgy. Palanan, Makati City ",Residential-_Single and Two Family Dwelling,Electrical Ignition caused by overloading,,Negative,Negative,SFO1 Pacubat/SFO1 Umnas/SFO1 Balleta,PhP500.00
TU,09 Aug 2022                                        1816H,"Legazpi Place, Adelantado St., Legazpi Village, San Lorenzo Makati City ",Non_Structural/Grass Fire ,Smoking (lighted cigarette),,Negative,Negative,SFO4 Macababayao/SFO1 Tuburan/FO3 Batalla,PhP200.00
W,10 Aug 2022                                        0344H,"Pembo Public Market, Brgy. Pembo, Makati City ",Non-Residential_Mercantile,Electrical Ignition caused by arcing,,Negative,Negative,SFO4 Macababayao/SFO1 Tuburan/FO3 Batalla,Php200.00
TH,11 Aug 2022                                        2136H,"Pateros St., Brgy. Valenzuela, Maktai City",Non_Structural/Electrical Pole/Meralco ,Electrical Ignition caused by arcing,,Negative,Negative,SFO4 Macababayao/SFO1 Tuburan/FO3 Batalla,Php200.00
SA,13 Aug 2022                                        1408H,"Pares 96 St., Nuestra Senora de Antipolo St., Brgy. Guadalupe Nuevo, Makati City",Non-Residential_Mercantile/Pares 96,Open Flame from Cooking (Burner),,Negative,Negative,SFO4 Macababayao/SFO1 Tuburan/FO3 Batalla,Php200.00
SA,13 Aug 2022                                        2314H,"Primepower Services, #2314H Kalayaan ave. Brgy. Pinagkaisahan, Makati City",Non-Residential_Business/ 5-Storeys Primepower Sevices/,Fire Under Investigation                                                           Cause: Electrical Igniton Caused by Arcing,,Negative,Negative,SFO4 Macababayao/SFO1 Tuburan/FO3 Batalla,"Php1,200,000.00"
SU,14 Aug 2022                                        0430H,"Ellis Building., Leviste cor. H.V Dela Costa Brgy. Bel Air, Makati City",Residential_Condominium/30-Storeys Ellis Building (Under Construction),Electrical Ignition caused by arcing,,Negative,Negative,SFO4 Macababayao/SFO1 Tuburan/FO3 Batalla,Php500.00
M,15 Aug 2022                                        1423H,"1655 Evangelista St., Brgy. Bangkal, Makati City",Residential_Single and Two Family Dwelling/,Electrical Ignition caused by loosed connection,,Negative,Negative,SFO1 Pacubat/SFO1 Umnas/SFO1 Balleta,PHP 500.00
TU,16 Aug 2022                                        1220H,"Arnaiz St., cor. Edsa, MMDA Flood Control Genset, Brgy San Lorenzo, Makati City",Non-Residential_Storage/MMDA,Other causes of fire incident,,Negative,Negative,SFO1 Pacubat/SFO1 Umnas/SFO1 Balleta,"Php5,000.00"
TH,18 Aug 2022                                        0842H,"1739 Dian St., cor., Dayap St., Brgy. Palanan, Makati City",Non-Residential_Business,Ignition of materials caused by welding slags,,Negative,Negative,SFO1 Pacubat/SFO1 Umnas/SFO1 Balleta,"Php2,000.00"
TH,18 Aug 2022                                        1950H,"1540 A. Mendoza St., Brgy. Kasilawan, Makati City",Non_Structural/Electrical Pole/Meralco ,Electrical Ignition caused by loosed connection,,Negative,Negative,SFO1 Pacubat/SFO1 Umnas/SFO1 Balleta,Php500.00
M,22 Aug 2022                                        1950H,"Unit 13 Manila Polo Club Townhouse, Brgy. Forbes Park, Makati City",2-Storey Residential_Single and Two Family Dwelling/,Fire Under Investigation                                      Cause: Leakage from LPG ,1st Alarm,Negative,,SFO1 Pacubat/SFO1 Umnas/SFO1Tuburan,"Php400,000.00"
TU,23 Aug 2022                                        0705H,"#5895 San Joaquin St., Brgy. Olympia, Makati City",2-Storey Residential_Single and Two Family Dwelling/,Electrical Ignition caused by arcing,,Negative,Negative,SFO4 Macababayao/SFO1 Tuburan/FO3 Batalla,"Php48,000.00"
W,24 Aug 2022                                        1905H,"Blk 3 Lot 6 Col. Santos Ext. South Cembo, Makati City",2-Storey Residential_Single and Two Family Dwelling/,Open Flame from unattended lighted candle,,Negative,Negative,SFO4 Macababayao/SFO1 Tuburan/FO3 Batalla,"Php2,000.00"
TH,25 Aug 2022                                        0345H,"#8628 Sgt, F. Yabut Circle, Brgy. Guadalupe Nuevo, Makati City",Transport_Motorcycle/                                                     Name of Suspect: ,Simple Arson/PD1613/ INTENTIONAL FIRE BY USE OF OPEN FLAME (MATCHSTICK OR LIGHTER OR LIGHT TORCH),,Negative,Negative,SFO4 Macababayao/SFO1 Tuburan/FO3 Batalla,"Php50,000.00"
TH,25 Aug 2022                                        1630H,"#1319 Barrio Visaya, Brgy. Guadalupe Nuevo, Makati City",2-Storey Residential_Single and Two Family Dwelling/,Electrical Ignition caused by overloading,,Negative,Negative,SFO4 Macababayao/SFO1 Tuburan/FO3 Batalla,"Php2,000.00"
TH,25 Aug 2022                                       2243H,"Commando cor. Aligator Sts., Brgy. Rizal, Makati City",Non_Structural/Electrical Pole/Meralco ,Electrical Ignition caused by arcing,,Negative,Negative,SFO4 Macababayao/SFO1 Tuburan/FO3 Batalla,"Php1,000.00"
SU,28 Aug 2022                                        2055H,"Adelantado St., Bel-Air, Makati City",Non_Structural/Electrical Pole/Meralco ,Electrical Ignition caused by arcing,,Negative,Negative,SFO4 Macababayao/SFO1 Tuburan/FO3 Batalla,"Php1,000.00"
M,29 Aug 2022                                        1551H,"Unit 2515 City Land, Makati Executive Tower 4, Brgy. Pio del Pilar, Makati City",Structural/Residential_Single and Two Family Dwelling/,Overheated Home Appliance,,Negative,Negative,SFO1 Pacubat/SFO1 Umnas/SFO1Balleta,"Php5,000.00"
SU,03 July2022                       2128H,"Jacinto cor South Sea Sts., Brgy. Rizal, Makati City",Transport/Automobile/Mitsubushi Van-,Overheated Motor Engine,,Negative,Negative,SFO4 Macababayao/SFO1 Tuburan/FO3 Batalla,"Php5,000.00"
M,04 July2022                       1903H,"5718 29th Ave,Brgy East Rembo, Makati City",Non_Structural/Electrical Pole/Meralco ,Electrical Ignition caused by loosed connection,,Negative,Negative,SFO1 Umnas/SFO1 Pacubat/SFO1 Balleta,Php500.00
TU,05 July 2022                       1523H,"Apitong St., Brgy Comembo, Makati City",Non_Structural-Rubbish,Smoking (lighted cigarette),,Negative,Negative,SFO1 Umnas/SFO1 Pacubat/SFO1 Balleta,Php500.00
TU,05 July 2022                       2146H,"5112 P Burgos St.,cor Osmena, Brgy. Poblacion, Makati City",Non_Structural/Electrical Pole/Meralco ,Electrical Ignition caused by loosed connection,,Negative,Negative,SFO1 Umnas/SFO1 Pacubat/SFO1 Balleta,Php500.00
W,06 July 2022                       1541H,"Cavalry Hills, Brgy East Rembo, Makati City",Non_Structural/Electrical Pole/Meralco ,Electrical Ignition caused by loosed connection,,Negative,Negative,SFO1 Umnas/SFO1 Pacubat/SFO1 Balleta,Php500.00
TH,07 July 2022                       2246H,"Belarmino ST., Cor. Apolinario, Brgy. Bangkal, Makati City",Non_Structural/Electrical Pole/Meralco ,Electrical Ignition caused by loosed connection,,Negative,Negative,SFO1 Umnas/SFO1 Pacubat/SFO1 Balleta,Php500.00
SU,10 July 2022                       2031H,"Juan Luna St., cor. South C, Zone 3, Brgy. Rizal, Makati City",Non_Structural-Rubbish,Smoking (lighted cigarette),,Negative,Negative,SFO1 Umnas/SFO1 Pacubat/SFO1 Balleta,Php0.00
M,11 July 2022                       1700H,"Lugao Restaurant #5779 Felipe St., Brgy. Poblacion, Makati City",Non-Residential_,Under Investigation              Cause: Overheated Electric Fan Motor (Home appliances),,Negative,Negative,SFO4 Macacabayao/SFO1 Tuburan/FO3 Batalla,"Php54,000.00"
F,15 July 2022                       1546H,"Neptune St. cor Makati Ave, Brgy Bel-Air",Transport/Automobile/Hyundai Accent Crystal White / Gas with Plate Numb,Under Investigation                                         Cause: Electrical Ignition Caused by Loosed Connection,,Negative,Negative,SFO4 Macacabayao/SFO1 Tuburan/FO3 Batalla,"Php50,000.00"
SA,16 July 2022                      2155H,"517 Cebu St., Brgy Pitogo, Makati City",Non_Structural/Electrical Pole/Meralco ,Electrical Ignition caused by loosed connection,,Negative,Negative,SFO4 Macacabayao/SFO1 Tuburan/FO3 Batalla,Php500.00
M,18 July 2022                      1143H,"Anastacio St., Brgy Guadalupe Nuevo",Non_Structural/Electrical Pole/Meralco ,Electrical Ignition caused by loosed connection,,Negative,Negative,SFO4 Dalmacio/SFO1 Umnas/SFO1 Pacubat/SFO1 Balleta,Php500.00
M,18 July 2022                      2148H,"4th Ave. Riverside, Brgy. East Rembo",Non_Structural/Electrical Pole/Meralco ,Electrical Ignition caused by loosed connection,,Negative,Negative,SFO4 Dalmacio/SFO1 Umnas/SFO1 Pacubat/SFO1 Balleta,Php500.00
TH,21 July 2022                     0841H,"Camino Anastacio St., Guadlupe Nuevo",Non_Structural/Electrical Pole/Meralco ,Electrical Ignition caused by loosed connection,,Negative,Negative,SFO4 Dalmacio/SFO1 Umnas/SFO1 Pacubat/SFO1 Balleta,Php500.00
TH,21 July 2022                      1658H,"Century City Mall, L5 Kalayaan Ave cor Salamanca St., Brgy Poblacion, Makati City",Non_Residential/Mixed Occupancies/,Fire Under Investigation                               Cause: Excessive heating overtime caused by corrosive environment affecting the electrical components in the electrical panel board,1st Alarm,Negative,Negative,SFO4 Dalmacio/SFO1 Umnas/SFO1 Pacubat/SFO1 Balleta,"Php1,600,000.00"
SU,23 July 2022                      1418H,"#63 Teachers Compound, Brgy. West Rembo, Makati City",Storey Residential-_Single and Two Family Dwelling/,Smoking (lighted cigarette),,Negative,Negative,SFO4 Dalmacio/SFO1 Umnas/SFO1 Pacubat/SFO1 Balleta,"Php1,500.00"
TU,26 July 2022                      0328H,"#276  MCDA Compound, J. P. Rizal Avenue, Brgy. Cembo, Makati City",3-Storey Storey Residential-_Single and Two Family Dwelling,Arson (Butane)                                    At the 3rd floor of the house ,2nd Alarm,"1. Susan Balen, 46 y/o, Female, suffered multiple organ failure     ","                                                1. Norman Rios, 31 y/o, Male, Abrasions on his right knee",SFO4 Macababayao/SFO1 Tuburan/FO3 Batalla,"Php30,000.00"
TU,26 July 2022                      0329H,"Dayap St., cor. Bautista. Bry, Palanan",Non_Structural/Electrical Pole/Meralco ,Electrical Ignition caused by arcing,,Negative,Negative,SFO4 Macababayao/SFO1 Tuburan/FO3 Batalla,Php500.00
W,27 July 2022                      1108H,"Pason Tamo (In-between Marvin Plaza and SMDC Bldg, Brgy. Pio Del Pilar, Makati City",Non-Structural_Rubbish ,Smoking (lighted cigarette),,Negative,Negative,SFO4 Macababayao/SFO1 Tuburan/FO3 Batalla,Php200.00
W,27 July 2022                      1428H,"The Link (Infront of Ayala Museum) Makati Avenue., Brgy. San Lorenzo, Makati City","Transport_Automobile/Toyota Corola, 2010 year model, with plate num",Overheated Engine (Motor Vehicle),,Negative,Negative,SFO4 Macababayao/SFO1 Tuburan/FO3 Batalla,"Php5,000.00"
W,27 July 2022                      2035H,"325 JP Rizal, Brgy. Tejeros, Makati City",Non_Structural/Electrical Pole/Meralco ,Electrical Ignition caused by arcing,,Negative,Negative,SFO4 Macababayao/SFO1 Tuburan/FO3 Batalla,Php500.00
F,29July 2022                      1442H,"#9598 Hamilton Center, Kamagong St., San Antonio, Makati City",Non-Residential_Business/Hamilton Center(3-Storey),Fire Under Investigation                Cause: Electrical Ignition Caused by Short Circuit,1st Alarm,Negative,Negative,SFO4 Macababayao/SFO1 Tuburan/FO3 Batalla,"Php700,000.00"
SU,31July 2022                      1442H,"Blk 329 Lot 17 Penguin St., Brgy.  Rizal, Makati City",Non_Structural/Electrical Pole/Meralco ,Electrical Ignition caused by arcing,,Negative,Negative,SFO4 Macababayao/SFO1 Tuburan/FO3 Batalla,Php500.00
F,03 June 2022                       2128H,"Osmena, Brgy. Valenzuela, Makati City",Non_Structural/Electrical Pole/Meralco,Electrical Ignition caused by arcing,,Negative,Negative,SFO3 Macacabayao/SFO1 Tuburan/FO3 Batalla,Php200.00
F,03 June 2022                       2118H,"Camalig St., Brgy. Palanan,Makati City",Non_Structural/Electrical Pole/Meralco,Electrical Ignition caused by arcing,,Negative,Negative,SFO3 Macacabayao/SFO1 Tuburan/FO3 Batalla,Php200.00
SU,05 June 2022                       2118H,"Anastacio St., Brgy. Guadalupe Nuevo, Makati City",Non_Structural/Electrical Pole/Meralco,Electrical Ignition caused by arcing,,Negative,Negative,SFO3 Macacabayao/SFO1 Tuburan/FO3 Batalla,Php200.00
M,06 June 2022                       2247H,"B2 L32 Aster St., Target Range, Brgy. Pembo, Makati City",Non_Structural/Electrical Pole/Meralco,Electrical Ignition caused by loosed connection,,Negative,Negative,SFO1 Pacubat/SFO1 Umnas/SFO1 Balleta,Php500.00
TH,09 June 2022                       1116H,"B5L17 Dahlia St., Brgy. Pembo, Makati City",Transport_Motorbike/E-Bike/,Battery Short Circuit,,Negative,Negative,SFO1 Pacubat/SFO1 Umnas/SFO1 Balleta,"Php1,000.00"
F,10 June 2022                      0506H,"Jevois Kalayaan, Brgy. Pinagkaisahan, Makati City",Non_Structural/Electrical Pole/Meralco,Electrical Ignition caused by loosed connection,,Negative,Negative,SFO1 Pacubat/SFO1 Umnas/SFO1 Balleta,Php500.00
M,12 June 2022                      1416H,"149 B5 Bayabas St., Brgy. West Rembo, Makati City",2-Storey Residential-_Single and Two Family Dwelling/Chary Lining Dantes/,Electrical Ignition caused by loosed connection,1st Alarm,Negative,Negative,SFO1 Pacubat/SFO1 Umnas/SFO1 Balleta,"Php5,000.00"
TU,14 June 2022                     2351H,"E. Serrano St., JP Rizal, Brgy West Rembo,Makati City",Non_Structural/Electrical Pole/Meralco,Electrical Ignition caused by loosed connection,,Negative,Negative,SFO3 Macacabayao/SFO1 Tuburan/FO3 Batalla,Php0.00
W,15 June 2022                      0057H,"Pili St., Brgy. West Rembo",Non_Structural/Electrical Pole/Meralco,Electrical Ignition caused by loosed connection,,Negative,Negative,SFO3 Macacabayao/SFO1 Tuburan/FO3 Batalla,Php0.00
F,17 June 2022                     0013H,"Dian cor Emilia St., Brgy. Palanan,Makati City",Non_Structural/Electrical Pole/Meralco,Electrical Ignition caused by arcing,,Negative,Negative,SFO3 Macacabayao/SFO1 Tuburan/FO3 Batalla,Php200.00
SU,18 June 2022                      2313H,"Jacobo St. cor Don Pedro, Brgy Poblacion, Makati City",Non_Structural/Electrical Pole/Meralco,Electrical Ignition caused by arcing,,Negative,Negative,SFO3 Macacabayao/SFO1 Tuburan/FO3 Batalla,Php200.00
SU,19 June 2022                      1816H,"B61 L15 Macopa St., Brgy.Rizal,Makati City",Non_Structural/Electrical Pole/Meralco,Electrical Ignition caused by arcing,,Negative,Negative,SFO3 Macacabayao/SFO1 Tuburan/FO3 Batalla,Php200.00
M,20 June 2022                      1300H,"Emilia cor. Guernica St., Brgy. Palanan, Makati City",Non_Structural/Electrical Pole/Meralco,Electrical Ignition caused by loosed connection,,Negative,Negative,SFO1 Pacubat/SFO1 Umnas/SFO1 Balleta,Php500.00
M,20 June 2022                      1424H,"Multipurpose Hall, 1888 Compound, Coryville, Eureka St., Brgy. La Paz, Makati City",Non_Structural/Electrical Pole/Meralco,Electrical Ignition caused by loosed connection,,Negative,Negative,SFO1 Pacubat/SFO1 Umnas/SFO1 Balleta,Php500.00
M,20 June 2022                      2129H," Serrano St., Brgy. West Rembo, Makati City",Non_Structural/Electrical Pole/Meralco,Electrical Ignition caused by loosed connection,,Negative,Negative,SFO1 Pacubat/SFO1 Umnas/SFO1 Balleta,Php500.00
M,20 June 2022                      2310H,"330A Kalamansi St., Brgy. Cembo, Makati City",Non_Structural/Electrical Pole/Meralco,Electrical Ignition caused by loosed connection,,Negative,Negative,SFO1 Pacubat/SFO1 Umnas/SFO1 Balleta,Php500.00
TU,21 June 2022                      2026H,"1271 C. Francisco St., Brgy. Kasilawan, Makati City ",Non_Structural/Electrical Pole/Meralco,Electrical Ignition caused by loosed connection,,Negative,Negative,SFO1 Pacubat/SFO1 Umnas/SFO1 Balleta,Php500.00
W,22 June 2022                      0307H,"Antipolo St., cor. Victor St., Brgy. Guadalupe Nuevo, Makati City",Non_Structural/Electrical Pole/Meralco,Electrical Ignition caused by loosed connection,,Negative,Negative,SFO1 Pacubat/SFO1 Umnas/SFO1 Balleta,Php500.00
W,22 June 2022                      2310H,"Don Pedro St., Brgy. Poblacion, Makati City",Non_Structural/Electrical Pole/Meralco,Electrical Ignition caused by loosed connection,,Negative,Negative,SFO1 Pacubat/SFO1 Umnas/SFO1 Balleta,Php500.00
W,22 June 2022                      2310H,"1606 Nunez St., cor. A Mendoza St., Brgy. Kasilawan, Makati City",Non_Structural/Electrical Pole/Meralco,Electrical Ignition caused by loosed connection,,Negative,Negative,SFO1 Pacubat/SFO1 Umnas/SFO1 Balleta,Php500.00
TH,23 June 2022                      2223H,"2234 P. Binay St., cor. Estrella St., Brgy. Bangkal, Makati City",Non_Structural/Electrical Pole/Meralco,Electrical Ignition caused by loosed connection,,Negative,Negative,SFO1 Pacubat/SFO1 Umnas/SFO1 Balleta,Php500.00
F,24 June 2022                      1833H,"AP Reyes Ave., Brgy. Tejeros, Makati City",Non_Structural/Electrical Pole/Meralco,Electrical Ignition caused by loosed connection,,Negative,Negative,SFO1 Pacubat/SFO1 Umnas/SFO1 Balleta,Php500.00
SU,26 June 2022                      0317H,"131 Apitong St., Brgy. Comembo, Makati City",Non_Structural/Rubbish,Smoking (Lighted Cigarette),,Negative,Negative,SFO1 Pacubat/SFO1 Umnas/SFO1 Balleta,Php0.00
TU,28 June 2022                      1107H,"Apolinario cor. Capinpin Sts, Brgy. Bangkal, Makati City",Non_Structural/Electrical Pole/Meralco,Electrical Ignition caused by arcing,,Negative,Negative,SFO3 Macacabayao/SFO1 Tuburan/FO3 Batalla,Php200.00
TU,28 June 2022                      1954H,"Magsaysay St., Brgy. Guadalupe Nuevo, Makati City",Non_Structural/Electrical Pole/Meralco,Electrical Ignition caused by arcing,,Negative,Negative,SFO3 Macacabayao/SFO1 Tuburan/FO3 Batalla,Php200.00
TU,03 May 2022                       2103H,"4240 Mojica St., Brgy. Bangkal, Makati City",2-Storey Residential-_Single and Two Family Dwelling/,Electrical Ignition caused ny loosed connection,,Negative,Negative,SFO3 Macacabayao/SFO1 Umnas/SFO1 Tuburan,Php500.00
W,04 May 2022                       0834H,"Blk 5 Lot 6 Durian St., Target Range, Brgy. Pembo, Makati City",4-Storey Residential-_Single and Two Family Dwelling,Open flame from Cooking,,Negative,Negative,SFO3 Macacabayao/SFO1 Umnas/SFO1 Tuburan,Php500.00
SU,08 May 2022                       0224H,"#363 Sen Gil Puyat, Brgy. Bel-Air, Makati City",Non_Structural/Post Fire/Meralco,Electrical Ignition caused ny loosed connection,,Negative,Negative,SFO3 Macacabayao/SFO1 Umnas/SFO1 Tuburan,Php500.00
SU,08 May 2022                       1554H,"Mayapis St. near Buendia PNR Station, Brgy. San Antonio, Makati City",Non_Structural/Grass Fire,Smoking (Lighted Cigarette Butt),,Negative,Negative,SFO3 Macacabayao/SFO1 Umnas/SFO1 Tuburan,Php0.00
M,09 May 2022                       0042H,"165 Pili St., Brgy. West Rembo, Makati City",Non_Structural/Post Fire/Meralco,Electrical Ignition caused ny loosed connection,,Negative,Negative,SFO1 Pacubat/SFO1 Umnas,Php500.00
M,09 May 2022                       1256H,"Gil Puyat cor Chino Roces Ave., Brgy. Pio del Pilar, Makati City",Non_Structural/Transport/Motor Vehicle/,Overheated Motor Engine,,Negative,Negative,SFO1 Pacubat/SFO1 Umnas,"Php10,000.00"
TU,10 May 2022                       2308H,"Yakal St., Brgy San Antonio, Makati City",Non_Structural/Grass Fire/Vacant Area,Smoking (Lighted Cigarette Butt),,Negative,Negative,SFO1 Pacubat/SFO1 Umnas,Php0.00
W,11 May 2022                      1151H,"Camachile cor Mayapis St., Brgy San Isidro, Makati City",Non_Structural/Rubbish Fire/Vacant Area,Smoking (Lighted Cigarette Butt),,Negative,Negative,SFO1 Pacubat/SFO1 Umnas,Php0.00
W,11 May 2022                       1907H,"7707 St Paul St., Brgy San Antonio, Makati City",Non_Structural/Rubbish Fire/Vacant Area,Smoking (Lighted Cigarette Butt),,Negative,Negative,SFO1 Pacubat/SFO1 Umnas,PHP 0.00
TH,12 May 2022                       0756H,"Skyway SB Kapinpin St., Magallanes, Brgy Bangkal, Makati City",Non_Structural/Transport/Automobile/,Overheated Motor Engine,,Negative,Negative,SFO1 Pacubat/SFO1 Umnas,"PHP 1,000.00"
F,13 May 2022                       1950H,"#4150 Olivarez St., Brgy. Palanan, Makati City ",Non_Structural/Post Fire/Meralco,Electrical Ignition caused ny loosed connection,,Negative,Negative,SFO1 Pacubat/SFO1 Umnas,PHP 500.00
SA,14 May 2022                       0420H,"1831 Dian St., Brgy Palanan, Makati City",2-Storey Residential-_Single and Two Family Dwelling/                                                          ,"Arson  (P.D. 1613)                                  Filed on 16 May 2022 at the Office of the City Prosecutor, Makati City with NPS Docket No. XV-05-INV-22E 0497 INTENTIONAL FIRE BY USE OF OPEN FLAME (MATCHSTICK OR LIGHTER OR LIGHT TORCH)",,Negative,Negative,SFO1 Pacubat/SFO1 Umnas,"PHP 5,000.00"
SA,14 May 2022                       1316H,"Ricarte St., Brgy. South Cembo, Makati City",Non_Structural/Rubbish Fire/Vacant Area,Smoking (Lighted Cigarette Butt),,Negative,Negative,SFO1 Pacubat/SFO1 Umnas,PHP 0.00
SA,14 May 2022                       2335H,"4173 Gabaldon St.,Brgy. Poblacion, Makati City ",Non_Structural/Post Fire/Meralco,Electrical Ignition caused ny loosed connection,,Negative,Negative,SFO1 Pacubat/SFO1 Umnas,Php500.00
SU,15 May 2022                       1526H,"004 Durian St., Brgy. Pembo, Makati City",Non_Structural/Post Fire/Meralco,Electrical Ignition caused ny loosed connection,,Negative,Negative,SFO3 Macacabayao//SFO1 Tuburan/FO3 Batalla,Php500.00
TU,17 May 2022                       1944H,"SM Cyber One #373 Gil Puyat cor. Jupiter St., Brgy. Bel-Air, Makati City",Non_Residential/Special Structure/,Other Causes of Fire Incident (Short Circuit)                                   Involved : Signage,,Negative,Negative,SFO3 Macacabayao//SFO1 Tuburan/FO3 Batalla,"Php1,000.00"
SU,22 May 2022                       1838H,"Yakal St., Brgy San Antonio, Makati City",Non_Structural/Rubbish Fire/Vacant Area,Smoking (Lighted Cigarette Butt),,Negative,Negative,SFO3 Macacabayao//SFO1 Tuburan/FO3 Batalla,Php200.00
TU,24 May 2022                       2152H,"B273L120 Aguila St., Target Range, Brgy. Pembo, Makati City",Non_Structural/Post Fire/Meralco,Electrical Ignition caused ny loosed connection,,Negative,Negative,SFO1 Pacubat/SFO1 Umnas,Php500.00
TU,24 May 2022                       2203H,"Malvar St., cor A. Bonifacio St., Brgy. West Rembo",Non_Structural/Post Fire/Meralco,Electrical Ignition caused ny loosed connection,,Negative,Negative,SFO1 Pacubat/SFO1 Umnas,Php500.00
W,25 May 2022                       2127H,"817 JP Rizal St., Brgy. Poblacion, Makati City",Non_Structural/Post Fire/Meralco,Electrical Ignition caused ny loosed connection,,Negative,Negative,SFO1 Pacubat/SFO1 Umnas,Php500.00
TH,26 May 2022                      1941H,"B89 L28 Amarillo, Brgy Rizal, Makati City",2-Storey Residential-_Single and Two Family Dwelling/,Electrical Ignition caused ny loosed connection,,Negative,Negative,SFO1 Pacubat/SFO1 Umnas,"PhP20,000.00"
F,27 May 2022                      1935H,"151 Pili Ave., Brgy. West Rembo, Makati City",Non_Structural/Post Fire/Meralco,Electrical Ignition caused ny loosed connection,,Negative,Negative,SFO1 Pacubat/SFO1 Umnas,Php500.00
SA,28 May 2022                      0517H,"6553 E. Ramos St., Brgy. Pio del Pilar, Makati City",2-Storey Residential-_Single and Two Family Dwelling/,Electrical Ignition caused ny arcing,,Negative,Negative,SFO1 Pacubat/SFO1 Umnas,"Php30,000.00"
SA,28 May 2022                      1808H,"JP Rizal Extn. Cor. T. Alonzo St., Brgy. West Rembo, Makati City",Transport_Motorcycle,Battery Short Circuit/Battery Explosion,,Negative,Negative,SFO1 Pacubat/SFO1 Umnas,"Php10,000.00"
M,30 May 2022                      1128H,"Spicy Restaurant, G/F Manila Peninsula Hotel, Ayala cor. Makati Avenues, Brgy. Urdaneta, Makati City",Non_Residential/Assembly                 ,Open flame from Cooking (Stove),1st Alarm,Negative,Negative,SFO3 Macababayao/SFO1 Tuburan/AIFO3 Batalla,"PhP20,000.00"
M,31 May 2022                      2047H,"Sitio Mansanas, Brgy. West Rembo, Makati City",Non_Structural/Electrical Post Fire/Meralco,Electrical Ignition caused ny arcing,,Negative,Negative,SFO3 Macababayao/SFO1 Tuburan/AIFO3 Batalla,Php500.00
M,31 May 2022                      2300H,"4210 Madras St., Brgy. Palanan, Makati City",Non_Structural/Electrical Post Fire/Meralco,Electrical Ignition caused ny arcing,,Negative,Negative,SFO3 Macababayao/SFO1 Tuburan/AIFO3 Batalla,Php500.00
F,01 April 2022                       1441H,"9038 San Nicolas St., Brgy. Guadalupe Nuevo, Makati City",2-Storey Residential-_Single and Two Family Dwelling/Elizabeth Duquilla-owner/Adrian Munoz-occupant,Overheated Home Appliance,,Negative,Negative,SFO1 Pacubat/FO1 Labuguen,"Php5,000.00"
F,01 April 2022                       1827H,"G/F 106 Infinity Tower H.V. Dela Costa St. Bel-Air, Makati City",Non_Residential/Mercantile/32-Storey/The Wholesome Table Restaurant/Juan Elizarde-owner,Open flame from Cooking,1st Alarm,Negative,Negative,SFO1 Pacubat/FO1 Labuguen,"Php20,000.00"
SU,03 April 2022                       1014H,"J.P.Rizal St., Brgy. Olympia, Makati City",Non_ResidentialRamon ,Sparks from Machinery/Special Structure,,Negative,Negative,SFO1 Pacubat/FO1 Labuguen,"Php1,000.00"
TU,05 April 2022                       0834H,"Pertierra St., Brgy. Poblacion, Makati City",Non_Structural/Post Fire/Meralco,Electrical Ignition caused ny loosed connection,,Negative,Negative,SFO3 Macacabayao/SFO1 Umnas/FO1 Parohinog,Php500.00
W,06 April 2022                       0211H,"Kakarong St., Brgy. Sta. Cruz, Makati City",Non_Structural/Post Fire/Meralco,Electrical Ignition caused ny loosed connection,,Negative,Negative,SFO3 Macacabayao/SFO1 Umnas/FO1 Parohinog,Php500.00
TH,07 April 2022                       1407H,"Camino dela Fe St., Brgy. Guadalupe Nuevo, Makati City",Non_Structural/Post Fire/Meralco,Electrical Ignition caused ny loosed connection,,Negative,Negative,SFO3 Macacabayao/SFO1 Umnas/FO1 Parohinog,Php500.00
TH,07 April 2022                       1816H,"Valero St., Cor. Sedeno St., Brgy. Bel-Air, Makati City",Non_Structural/Post Fire/Meralco,Electrical Ignition caused ny loosed connection,,Negative,Negative,SFO3 Macacabayao/SFO1 Umnas/FO1 Parohinog,PHP 500.00
TH,07 April 2022                       2104H,"Lugawan sa Tejeros, #5880 Malolos St., Brgy. Tejeros, Makati City",Non_Residential/Mercantile/,Open flame from Cooking,,Negative,Negative,SFO3 Macacabayao/SFO1 Umnas/FO1 Parohinog,PHP 500.00
TH,07 April 2022                       2129H,"Emerald St., Brgy. Pembo, Makati City",Non_Structural/Post Fire/Meralco,Electrical Ignition caused ny loosed connection,,Negative,Negative,SFO3 Macacabayao/SFO1 Umnas/FO1 Parohinog,PHP 500.00
SU,10 April 2022                       2024H,"JP Rizal cor Legaspi, Brgy. Olympia, Makati City",Non_Structural/Post Fire/Meralco,Electrical Ignition caused ny loosed connection,,Negative,Negative,SFO3 Macacabayao/SFO1 Umnas/FO1 Parohinog,PHP 200.00
M,11 April 2022                       1301H,"7123 Langka St., Brgy Comembo, Makati City",2-Storey Residential-_Single and Two Family Dwelling/                                                        No. of Houses Burned: 4                                        No. of Families Affected: 4                      ,"Consummated Arson  (P.D. 1613)                                  Filed on l 2022 at the Office of the City Prosecutor, Makati City with NPS ",1st Alarm,Negative,Negative,SFO1 Pacubat/FO1 Labuguen/FO1 Mamado,"Php250,000.00"
F,15 April 2022 0013H,"Pet Plans Tower EDSA, Brgy Guadalupe Viejo, Makati City",Non_Structural/Post Fire/Meralco,Electrical Ignition caused by loosed connection,,Negative,Negative,SFO1 Pacubat/FO1 Labuguen/FO1 Mamado,Php500.00
SA,16 April 2022 0900H,3526-H Mola St. Brgy. La Paz,Residential/Single and Two Family Dwelling /,Overheated Home Appliance,1st Alarm,Negative,Negative,SFO1 Pacubat/FO1 Labuguen/FO1 Mamado,"Php10,000.00"
SA,16 April 2022 1612H,"36 Phase 5 Teachers Compound  Brgy. West Rembo, Makati City",Non_Structural/Post Fire/Meralco,Electrical Ignition caused by arcing,,Negative,Negative,SFO1 Pacubat/FO1 Labuguen/FO1 Mamado,Php500.00
SU,17 April 2022 1245H,"25 Apartment Ridge Road Brgy. Urdaneta, Makati City",Transport_Motorcycle,Battery Short Circuit,,Negative,Negative,SFO1 Pacubat/FO1 Labuguen/FO1 Mamado,"Php30,000.00"
SU,17 April 2022 0341H,"2554 Cervera St. Brgy. La Paz, Makati City",Residential/Single and Two Family Dwelling /,Open flame from Cooking (superkalan),,Negative,Negative,SFO1 Pacubat/FO1 Labuguen/FO1 Mamado,Php500.00
M,18 April 2022 1730H,"1324 Bisaya St., Brgy. Guadalupe Nuevo, Makati City",Non_Structural/Post Fire/Meralco,Electrical Ignition caused by loosed connection,,Negative,Negative,SFO3 Macacabayao/SFO1 Umnas/FO1 Parohinog,Php500.00
TU,19 April 2022 0011H,"8/F DBP Head Office, Cruzada St. cor. Makati Ave., Brgy. Urdaneta, Makati City",Non_Residential/Business/              (14-Storey) Government-Owned                   No. of Establishment Burned: 1,"Fire Under Investigation                       Note: Case was forwarded to IID, NHQ due jurisdictional amount                          At the Treasury and Corporate Office located at the 8/F",2nd Alarm,Negative,Negative,SFO3 Macacabayao/SFO1 Umnas/FO1 Parohinog,"PhP16,000,000.00"
F,22 April 2022 1912H,"Felipe St., Brgy. Poblacion, Makati City",Non_Structural/Post Fire/Meralco,Electrical Ignition caused by loosed connection,,Negative,Negative,SFO3 Macacabayao/SFO1 Umnas/FO1 Parohinog,PhP500.00
SA,23 April 2022 1839H,"MRT Ayala Station, Brgy San Lorenzo, Makati City",Non_Structural/Rubbish Fire/Vacant Area,Smoking (lighted Cigarette),,Negative,Negative,SFO3 Macacabayao/SFO1 Umnas/FO1 Parohinog,Php0.00
SU,24 April 2022 2135H,"D Benito., cor Pascua St., Brgy. Carmona, Makati City ",Non_Structural/Post Fire/Meralco,Electrical Ignition caused by loosed connection,,Negative,Negative,SFO3 Macacabayao/SFO1 Umnas/FO1 Parohinog,Php500.00
M,25 April 2022 1156H,Jimenez St. Brgy. San Lorenzo Legaspi Village near Catcho Gonzales Building Makati City,Non_Structural/Post Fire/Meralco,Electrical Ignition caused by arcing,,Negative,Negative,SFO1 Pacubat/FO1 Labuguen/FO1 Mamado,Php500.00
M,25 April 2022 1429H,"1759 Nicanor Garcia St., Brgy. Valenzuela, Makati City",Non_Structural/Post Fire/Meralco,Electrical Ignition caused by arcing,,Negative,Negative,SFO1 Pacubat/FO1 Labuguen/FO1 Mamado,Php500.00
TU,26 April 2022 1219H,"#2880 H. Santos St., Brgy. Tejeros, Makati City",Non_Structural/Post Fire/Meralco,Electrical Ignition caused by arcing,,Negative,Negative,SFO1 Pacubat/FO1 Labuguen/FO1 Mamado,Php500.00
TH,28 April 2022 1214H,"#5113 San Antonio St., Brgy. Pio del Pilar, Makati City",2-Storey Residential-_Single and Two Family Dwelling/                                                           No. of Houses Burned: 7                                        No. of Families Affected: 15                               (37 Individual),Fire Under Investigation            Cause: Electrical Ignition Caused by Overloading,2nd Alarm,Negative,Negative,SFO1 Pacubat/FO1 Labuguen/FO1 Mamado,"Php3,000,000.00"
F,29 April 2022 0858H,"9047 Hormega St., Brgy. Olympia, Makati City",2-Storey Residential-_Single and Two Family Dwelling/,Overheated Home Appliances,,Negative,Negative,SFO1 Pacubat/FO1 Labuguen/FO1 Mamado,Php400.00
F,29 April 2022 2321H,"Alfonso cor. Permina Sts., Brgy. Poblacion, Makati City",Non_Structural/Post Fire/Meralco,Electrical Ignition caused by arcing,,Negative,Negative,SFO1 Pacubat/FO1 Labuguen/FO1 Mamado,Php500.00
W,02 March 2022                       0746H,"#9 Margarita St. Brgy. Magallanes, Makati City",2-Storey Residential-_Single and Two Family Dwelling/Angelita Recto                                                          No. of House Burned: 1,UNDER INVESTIGATION                          Cause: Electrical Ignition Caused by Loosed Connection,1st Alarm,Negative,Negative,SFO1 Pacubat/FO1 Labuguen,"Php500,000.00"
SU,06 March 2022                       1057H,"Sitio 8 Blk 7 Kalayaan, Brgy. West Rembo,  Makati City",Non_Structural/Post Fire/Meralco,Electrical Ignition caused by arcing,,Negative,Negative,SFO1 Pacubat/FO1 Labuguen,Php200.00
TH,10 March 2022                       0825H,"South Cemetery, Brgy. Tejeros, Makati City",Non_Structural/Grass Fire,Smoking (Lighted Cigarette),,Negative,Negative,SFO3 Macacabayao/SFO1 Umnas/FO1 Parohinog,Php0.00
TH,10 March 2022                       1913H,"4774 Barasoain St., Brgy. Olympia, Makati City",Non_Structural/Rubbish Fire,Smoking (Lighted Cigarette),,Negative,Negative,SFO3 Macacabayao/SFO1 Umnas/FO1 Parohinog,Php0.00
SA,12 March 2022                       2013H,"1004 Theresa St., Brgy. Valenzuela, Makati City",Non_Structural/Post Fire/Meralco,Electrical Ignition caused ny loosed connection,,Negative,Negative,SFO3 Macacabayao/SFO1 Umnas/FO1 Parohinog,Php500.00
SA,12 March 2022                       2232H,"Spring Beauty St., Blk 65, Brgy Pembo, Makati City",Non_Structural/Post Fire/Meralco,Electrical Ignition caused ny loosed connection,,Negative,Negative,SFO3 Macacabayao/SFO1 Umnas/FO1 Parohinog,Php500.00
SU,13 March 2022                      0212H,"0038 JP Rizal Extn., Brgy Comembo, Makati City",2-Storey Residential-_Single and Two Family Dwelling/,Electrical Ignition caused ny loosed connection,,Negative,Negative,SFO3 Macacabayao/SFO1 Umnas/FO1 Parohinog,Php500.00
SU,13 March 2022                       2255H,"Sgt F Yabut St., Brgy Guadalupe Nuevo",Non_Structural/Post Fire/Meralco,Electrical Ignition caused ny loosed connection,,Negative,Negative,SFO1 Pacubat/FO1 Labuguen,Php500.00
TH,15 March 2022                       1351H,"#9486 Anubing St. Brgy. San Antonio, Makati City",2-Storey Residential-_Single and Two Family Dwelling/                                                  No. of House Affected:  1,Open flame from unattended lighted candle,,Negative,Negative,SFO1 Pacubat/FO1 Labuguen,"PHP 5,000.00"
TH,17 March 2022                       1430H,"C5 Kalayaan North Bound East Rembo,  Makati City",Transport/Automobile/,Gasoline Leak in Engine Bay,,Negative,Negative,SFO1 Pacubat/FO1 Labuguen,"PHP 50,000.00"
TH,17 March 2022                      1702H,"1305 Puma St. Brgy. Rizal, Makati City",Non-Residential/Mercantile/                                    No. of Estab/House Affected: 3,UNDER INVESTIGATION             Cause: Electrical Ignition Caused by Piched Wire,1st Alarm,Negative,Negative,SFO1 Pacubat/FO1 Labuguen,"PHP 978,983.30"
M,21 March 2022                      1137H,"2/F The Landmark, Palm Drive cor Makati Ave.,  Brgy. San Lorenzo, Makati City",Non-Residential_Assembly/,Overheated Industrial Machinery                                             At the exhaust duct,,Negative,Negative,SFO3 Macacabayao/SFO1 Umnas/FO1 Mamado,"Php1,000.00"
TU,22 March 2022                      0024H,"Leji Cuizine Restaurant, G/F AGS Plaza, Washington St., Brgy. Pio del Pilar, Makati City",Non-Residential_Mercantile/,OPen flame from Cooking                                            At the exhaust duct,,Negative,Negative,SFO3 Macacabayao/SFO1 Umnas/FO1 Mamado,Php500.00
TU,22 March 2022                      1029H,"Dusit Thani, 1223 Ayala Center, Brgy. San Lorenzo, Makati City",Non-Residential_Storage/,Smoking (Lighted Cigarette),,Negative,Negative,SFO3 Macacabayao/SFO1 Umnas/FO1 Mamado,"Php10,000.00"
W,23 March 2022                      2326H,"6627 E. Ramos St., Brgy. Pio Del Pilar, Makati City ",Non_Structural/Post Fire/Meralco,Electrical Ignition caused ny loosed connection,,Negative,Negative,SFO3 Macacabayao/SFO1 Umnas/FO1 Mamado,Php500.00
F,25 March 2022                      1753H,"2153 Red Residences, Chino Roces Ave., Brgy. Pio del Pilar, Makati City  ",Non_Residential/Business/31-Storey                               No. of Estab Affected: 1,UNDER INVESTIGATION,2nd Alarm,Negative,Negative,SFO3 Macababayao/SFO1 Umnas/FO1 Mamado,"Php4,000,000.00"
SA,26 March 2022                     0325H,"JP Rizal, Brgy. Comembo, Makati City",Non_Structural/Post Fire/Meralco,Electrical Ignition caused ny loosed connection,,Negative,Negative,SFO3 Macababayao/SFO1 Umnas/FO1 Mamado,Php500.00
SA,26 March 2022                     2001H,"5581 Ilaya St., Brgy. Poblacion, Makati City",Residential/Dormitory/ (4-Storey)                                            No. of House Burned: 1,UNDER INVESTIGATION                             Cause: Electrical Ignition Caused by Loosed Connection,1st Alarm,Negative,Negative,SFO3 Macababayao/SFO1 Umnas/FO1 Mamado,"Php400,000.00"
SU,27 March 2022                     1304H,"Valdez St., Brgy. Poblacion, Makati City",Non_Structural/Rubbish Fire,Smoking (Lighted Cigarette),,Negative,Negative,SFO3 Macababayao/SFO1 Umnas/FO1 Mamado,Php0.00
SU,27 March 2022                     1523H,"Guadalupe Mall, P. Burgos, Brgy. Guadalupe Viejo, Makati City",Non_Residential/Business/Guadalupe Mall/,Electrical Ignition caused ny loosed connection,,Negative,Negative,SFO3 Macababayao/SFO1 Umnas/FO1 Mamado,Php500.00
M,28 March 2022                     1950H,"4299 Emilia St., Brgy Palanan, Makati City",Non_Structural/Transport Automobile/Elf 2009,Ignition of materials caused by Acetylene,,Negative,Negative,SFO1 Pacubat/FO1 Labuguen/FO1 Parohinog,"PhP10,000.00"
TH,31 March 2022                     0027H,"4299 Emilia St., Brgy Palanan, Makati City",Non_Structural/Post Fire/Meralco,Electrical Ignition caused by arcing,,Negative,Negative,SFO1 Pacubat/FO1 Labuguen/FO1 Parohinog,PhP200.00
TH,31 March 2022                     0841H,"Sampaguita St., Brgy. Pembo, Makati City","Transport Automobile/ABQ-1260, Toyota Vios (Taxi)/",Battery Short Circuit,,Negative,Negative,SFO1 Pacubat/FO1 Labuguen/FO1 Parohinog,"PhP10,000.00"
W,02 Feb 2022                       1006H,"Block 13 7493 Bagtikan St. Brgy. San Antonio, Makati City",Non_Structural/Electrical Post Fire/Meralco,Electrical Ignition caused by arcing,,Negative,Negative,SFO4 Aguilar / FO3 Batalla / FO1 Labuguen/FO1 Mamado,Php200.00
F,04 Feb 2022                      1525H,"Bayabas St., Brgy. Comembo, Makati City",2-Storey Residential-_Single and Two Family Dwelling/,Sparks from Machinery,,Negative,Negative,SFO4 Aguilar / FO3 Batalla / FO1 Labuguen/FO1 Mamado,"Php5,000.00"
F,04 Feb 2022                      2025H,"1245 Acacia St. cor. Mahogany Dasmarias Village Nuevo, Brgy. Dasmarinas, Makati City",Non_Residential/Business/Russian Embassy/Russian Federation Govt,"Under Investigation                        Note: Case was forwarded to IID, NHQ due to jurisdictional amount",2nd Alarm,Negative,,SFO4 Aguilar / FO3 Batalla / FO1 Labuguen/FO1 Mamado,"Php101,109,576.00"
SA,05 Feb 2022                      2150H,"Adahlia St., Brgy. Rizal, Makati City",Non_Structural/Electrical Post Fire/Meralco,Electrical Ignition caused by arcing,,Negative,Negative,SFO4 Aguilar / FO3 Batalla / FO1 Labuguen/FO1 Mamado,Php500.00
SU,06 Feb 2022                      1306H,"Edison St. cor. Arnaiz Avenue, Brgy. Pio del Pilar, Makati City",Non_Structural/Rubbish,Smoking (Lighted Cigarette),,Negative,Negative,SFO4 Aguilar / FO3 Batalla / FO1 Labuguen/FO1 Mamado,Php500.00
M,07 Feb 2022                      1807H,"Evangelsita Cor. Del Pilar St., Brgy. Bangkal, Makati City",Non_Structural/Electrical Post Fire/Meralco,Electrical Ignition caused by arcing,,Negative,Negative,SFO3 Macababayao/SFO1 Pacubat/SFO1 Umnas,Php500.00
M,07 Feb 2022                      1920H,"Blk 125 Lot 15, M.H Del Pilar Cor. South C., Brgy. Rizal, Makati City",Non_Structural/Electrical Post Fire/Meralco,Electrical Ignition caused by arcing,,Negative,Negative,SFO3 Macababayao/SFO1 Pacubat/SFO1 Umnas,Php500.00
TU,08 Feb 2022                      1133H,"3913 South Ave., cor. Yague St., Brgy. Sta. Cruz, Makati City",2-Storey Residential-_Single and Two Family Dwelling,Overheated Home Appliances,1st Alarm,Negative,Negative,SFO3 Macababayao/SFO1 Pacubat/SFO1 Umnas,"PHP 40,000.00"
TU,08 Feb 2022                      1620H,"Blk 80 Lot 0005, Sweet Orange, Brgy. Rizal, Makati City",Non_Structural/Electrical Post Fire/Meralco,Electrical Ignition caused by loosed connection,,Negative,Negative,SFO3 Macababayao/SFO1 Pacubat/SFO1 Umnas,PHP 500.00
TU,08 Feb 2022                      1943H,"Camia St., Brgy. Guadalupe Viejo, Makati City",Non_ResidentialStorage/LGU-Makati,Overheated Home Appliances,,Negative,Negative,SFO3 Macababayao/SFO1 Pacubat/SFO1 Umnas,PHP 500.00
W,09 Feb 2022                      1411H,"Tulay (Magallanes) North Bound Magallanes, Makati City",Non_Structural/Rubbish,Smoking (Lighted Cigarette),,Negative,Negative,SFO3 Macababayao/SFO1 Pacubat/SFO1 Umnas,Php0.00
F,11 Feb 2022                      0241H,"84 Zodiac St., Bel-Air 4 Village, Makati City",2-Storey Residential-_Single and Two Family Dwelling/Sollabec Holdings Corp.,Electrical Ignition caused by loosed connection,,Negative,Negative,SFO3 Macababayao/SFO1 Pacubat/SFO1 Umnas,"Php10,000.00"
F,14 Feb 2022                      0925H,"Cor. Pasong Tamo Kalayaan Ave., South Cemetery, Brgy. Sta. Cruz, Makati City",Non_Structural/Rubbish,Smoking (Lighted Cigarette),,Negative,Negative,SFO3 Macababayao/SFO1 Umnas/FO1 Mamado,Php0.00
TH,17 Feb 2022                      1311H,"Constancia St., Brgy. Olympia, Makati City",2-Storey Residential-_Single and Two Family Dwelling,Open Flame from cooking,,Negative,Negative,SFO3 Macababayao/SFO1 Umnas/FO1 Mamado,Php500.00
TH,17 Feb 2022                      1543H,"A. Venue Mall, B. Valdez cor. Makati Ave., Brgy. Poblacion, Makati City",Non_Structural/Rubbish,Smoking (Lighted Cigarette),,Negative,Negative,SFO3 Macababayao/SFO1 Umnas/FO1 Mamado,Php0.00
TH,17 Feb 2022                      1733H,"Gomez St., Brgy. South Cembo, Makati City",Non_Structural/Electrical Post Fire/Meralco,Electrical Ignition caused by loosed connection,,Negative,Negative,SFO3 Macababayao/SFO1 Umnas/FO1 Mamado,Php500.00
SU,20 Feb 2022                      0412H,"Christ International Fellowship, Kalayaan Talipapa Market, #9642 Kalayaan Ave., Brgy. Guadalupe Nuevo, Makati City",Non_Residential/Assembly/Christ International Fellowship/3 Storey Bldg with Mezzanine and Basement/Mr Chui,Under Investigation                         Cause: Electrical due to loosed connection,2nd Alarm,,Negative,SFO3 Macababayao/SFO1 Umnas/FO1 Mamado,"Php4,000,000.00"
SU,20 Feb 2022                      1800H,"Salchuaga St., Brgy. Tejeros, Makati City",Non_Structural/Rubbish,Smoking (Lighted Cigarette),,Negative,Negative,SFO3 Macababayao/SFO1 Umnas/FO1 Mamado,Php0.00
M,21 Feb 2022                      1520H,"376 Swing Fire St., Palar Village, Brgy Southside, Makati City",3-Storey Residential-_Single and Two Family Dwelling/,Electrical Ignition caused by loosed connection,,Negative,Negative,SFO1 Pacubat/FO1 Labuguen,Php500.00
W,23 Feb 2022                     2049H,"74 Santol St., Brgy. Comembo, Makati City",Non_Structural/Electrical Post Fire/Meralco,Electrical Ignition caused by arcing,,Negative,Negative,SFO1 Pacubat/FO1 Labuguen,Php200.00
SU,27 Feb 2022                     1111H,"8436 Coro Hotel, Kalayaan Ave cor Mercado St., Brgy Poblacion, Makati City",Non_Residential/Business/19F/  Coro Hotel/Brite House Corp,Electrical Ignition caused by loosed connection,,Negative,Negative,SFO1 Pacubat/FO1 Labuguen,"Php5,000.00"
SA,01 Jan 2022                       0028H,"9154 Pateros St., Bgry. Olympia, Makati City",Non_Structural/Rubbish,Smoking (Lighted Cigarette),,Negative,Negative,SFO3 JM Macababayao/             SFO1 RF Pacubat,Php0.00
M,03 Jan 2022                      1307H,"2390 Godet cor. Mola Sts. Brgy. La Paz ,  Makati City",Residential_Single and Two Family Dwelling/,Electrical Ignition Caused by Arcing,,Negative,Negative,SFO4 Aguilar / FO3 Batalla / FO1 Labuguen,Php100.00
M,03 Jan 2022                      1826H,"Casino cor. Bautista Sts. Brgy. Palanan,  Makati City",Non_Structural/Electrical Pole/Meralco,Electrical Ignition Caused by Arcing,,Negative,Negative,SFO4 Aguilar / FO3 Batalla / FO1 Labuguen,Php200.00
F,07 Jan 2022                      1347H,"C5 Kalayaan Elevated U turn slot  Brgy. East Rembo ,  Makati City",Non_Structural/Rubbish,Smoking (Lighted Cigarette),,Negative,Negative,SFO4 Aguilar / FO3 Batalla / FO1 Labuguen,Php0.00
SA,08 Jan 2022                      1056H,"4326 A Tinio St. Brgy. Bangkal,  Makati City",Residential_Single and Two Family Dwelling/,Childen Playing Matchsticks,,Negative,Negative,SFO4 Aguilar / FO3 Batalla / FO1 Labuguen,"PHP 1,000.00"
SU,09 Jan 2022                      2245H,"San Maximo St., Olympia, Brgy. Olympia, Makati City",Non_Structural/Rubbish,Smoking (Lighted Cigarette),,Negative,Negative,SFO4 Aguilar / FO3 Batalla / FO1 Labuguen,PHP 0.00
M,10 Jan 2022                      1339H,"9037 San Nicolas St., Brgy. Guadalupe Nuevo, Makati City",Residential_Single and Two Family Dwelling/,Open Flame from Cooking,,Negative,Negative,SFO4 Aguilar / SFO1 Pacubat/SFO1 Umnas,PHP 200.00
TU,11 Jan 2022                      0016H,"5315 Diesel St., Brgy. Palanan, Makati City",Non_Residential/ Special Structure,Ignition of Material due to Acetylene/Hotworks,,Negative,Negative,SFO3 Macababayao / SFO1 Pacubat / SFO1 Umnas,Php0.00
TH,13 Jan 2022                      1124H,"Blk 325 Lot 13 Bluebird Extn., Brgy. Rizal, Makati City",Residential_Single and Two Family Dwelling/,Childen Playing Matchsticks,,Negative,Negative,SFO3 Macababayao / SFO1 Pacubat / SFO1 Umnas,Php200.00
F,14 Jan 2022                      0050H,"Ambers Best Restaurant 1158 Chino Roces Ave., Brgy. San Antonio Village, Makati City",Non_Residential/ Mercantile/Ambers Best Restaurant,Overheated Home Appliances,1st alarm,Negative,Negative,SFO3 Macababayao / SFO1 Pacubat / SFO1 Umnas,"Php10,000.00"
SU,16 Jan 2022                      1104H,"179-CP 27th Ave., Brgy. East Rembo, Makati City",Non_Structural/Rubbish,Smoking (Lighted Cigarette),,Negative,Negative,SFO3 Macababayao / SFO1 Pacubat / SFO1 Umnas,Php0.00
M,17 Jan 2022                      2034H,"2031 M. Layug St., Brgy. San Miguel Village, Brgy. Poblacion, Makati City",2-Storey Residential_Single and Two Family Dwelling/,Electrical Ignition Caused by loosed connection,,Negative,Negative,SFO3 Macababayao / SFO1 Pacubat / SFO1 Umnas,Php500.00
TU,18 Jan 2022                      1903H,"2483 Alexander St., Brgy. San Isidro, Makati City",4-Storey Residential_Single and Two Family Dwelling/,Open Flame from Unattended Lighted Candle,,Negative,Negative,SFO3 Macababayao / SFO1 Pacubat / SFO1 Umnas,"Php5,000.00"
W,19 Jan 2022                      1309H,"Malugay St., Brgy. San Antonio, Makati City",Transpot/Motorcycle/,Electrical Ignition Caused by loosed connection,,Negative,Negative,SFO3 Macababayao / SFO1 Pacubat / SFO1 Umnas,Php500.00
SU,23 Jan 2022                      0149H,"Blk 1 Lot 3 Guijo Ext., Brgy. Cembo, Makati City",Non_Structural/Rubbish,Smoking (Lighted Cigarette),,Negative,Negative,SFO3 Macababayao / SFO1 Pacubat / SFO1 Umnas,Php0.00
SU,23 Jan 2022                      1729H,"0117 9th Ave., Brgy. East Rembo, Makati City",Non_Structural/Electrical Pole/Meralco,Electrical Ignition caused by arcing,,Negative,Negative,SFO3 Macababayao / SFO1 Pacubat / SFO1 Umnas,Php500.00
M,24 Jan 2022                      0448H,"0075 M.H. Del Pilar St., Brgy. Rizal, Makati City",Non_Structural/Electrical Pole/Meralco,Electrical Ignition Caused by loosed connection,,Negative,Negative,SFO3 Macababayao / SFO1 Pacubat / SFO1 Umnas,Php500.00
M,24 Jan 2022                      0643H,"Buting South Bound, Brgy. West Rembo, Makati City",Transport/Motorcycle/,Electrical Ignition Caused by loosed connection,,Negative,Negative,SFO3 Macababayao / SFO1 Pacubat / SFO1 Umnas,"Php5,000.00"
W,26 Jan 2022                      1603H,"Block 8-02 Lot 1 Dove Street Brgy. Rizal,  Makati City",2-Storey Residential_Single and Two Family Dwelling/,Electrical Ignition caused by arcing,,Negative,Negative,SFO4 Aguilar / FO3 Batalla / FO1 Labuguen/FO1 Mamado,Php500.00
W,26 Jan 2022                      1844H,"3023 Gen G Del Pilar St. Brgy. Bangkal,  Makati City",Non_Structural/Electrical Pole/Meralco,Electrical Ignition caused by arcing,,Negative,Negative,SFO4 Aguilar / FO3 Batalla / FO1 Labuguen,Php200.00
W,26 Jan 2022                      2100H,"261 T. Alonzo ext. Brgy. West Rembo,  Makati City",3-Storey Residential_Single and Two Family ,Open Flame from cooking,,Negative,Negative,SFO4 Aguilar / FO3 Batalla / FO1 Labuguen/FO1 Mamado,Php500.00
TH,27 Jan 2022                      1849H,"1224 E. Jacinto St. Brgy. Guadalupe Nuevo,Makati City",Transport/Motorcycle/E-Bike/,Battery Short Circuit/Explosion,,Negative,Negative,SFO4 Aguilar / FO3 Batalla / FO1 Labuguen/FO1 Mamado,"Php15,000.00"
SA,29 Jan 2022                      1536H,"162 Lot 8 Adalla St., Brgy. Rizal, Makati City",Non-Residential_Special Structure/,Electrical Ignition by Arcing,,Negative,Negative,SFO4 Aguilar / FO3 Batalla / FO1 Labuguen/FO1 Mamado,"Php10,000.00"
SU,30 Jan 2022                      1908H,"Mayapis St. cor. Yakal St. Brgy. San Antonio, Makati City",2-Storey Non_Residential/Assembly/,Open Flame from cooking,,Negative,Negative,SFO4 Aguilar / FO3 Batalla / FO1 Labuguen/FO1 Mamado,"Php5,000.00"
